city,city_id,time_utc,local_time,temperature,humidity,cloudiness_pc,wind_speed,precipitation_prob,rain_volume,snow_volume
London,2643743,1655218800,2022-06-14 15:00:00,24.25,39,0,3.28,0,0,0
London,2643743,1655229600,2022-06-14 18:00:00,23.48,40,1,2.69,0,0,0
London,2643743,1655240400,2022-06-14 21:00:00,19.57,54,29,1.34,0,0,0
London,2643743,1655251200,2022-06-15 00:00:00,14.81,67,69,1.53,0,0,0
London,2643743,1655262000,2022-06-15 03:00:00,13.23,70,31,0.64,0,0,0
London,2643743,1655272800,2022-06-15 06:00:00,15.44,64,19,1.52,0,0,0
London,2643743,1655283600,2022-06-15 09:00:00,21.74,44,88,0.92,0,0,0
London,2643743,1655294400,2022-06-15 12:00:00,25.42,30,87,1.48,0,0,0
London,2643743,1655305200,2022-06-15 15:00:00,26.26,31,96,1.81,0,0,0
London,2643743,1655316000,2022-06-15 18:00:00,23.67,42,82,2.3,0,0,0
London,2643743,1655326800,2022-06-15 21:00:00,18.54,58,63,1.01,0,0,0
London,2643743,1655337600,2022-06-16 00:00:00,16.87,67,34,0.85,0,0,0
London,2643743,1655348400,2022-06-16 03:00:00,15.36,74,16,0.67,0,0,0
London,2643743,1655359200,2022-06-16 06:00:00,16.8,68,46,1.4,0,0,0
London,2643743,1655370000,2022-06-16 09:00:00,22.24,46,73,0.29,0,0,0
London,2643743,1655380800,2022-06-16 12:00:00,25.48,34,86,1.32,0,0,0
London,2643743,1655391600,2022-06-16 15:00:00,26.92,31,100,2.83,0,0,0
London,2643743,1655402400,2022-06-16 18:00:00,25.06,37,100,2.14,0,0,0
London,2643743,1655413200,2022-06-16 21:00:00,20.94,51,100,1.89,0,0,0
London,2643743,1655424000,2022-06-17 00:00:00,19.01,52,100,1.6,0,0,0
London,2643743,1655434800,2022-06-17 03:00:00,16.9,55,96,1.61,0,0,0
London,2643743,1655445600,2022-06-17 06:00:00,19.38,51,69,2.52,0,0,0
London,2643743,1655456400,2022-06-17 09:00:00,26.4,45,31,4.63,0,0,0
London,2643743,1655467200,2022-06-17 12:00:00,30.52,36,25,6.36,0,0,0
London,2643743,1655478000,2022-06-17 15:00:00,31.18,35,4,6.55,0,0,0
London,2643743,1655488800,2022-06-17 18:00:00,29.53,39,2,5.2,0,0,0
London,2643743,1655499600,2022-06-17 21:00:00,24.21,68,2,2.44,0,0,0
London,2643743,1655510400,2022-06-18 00:00:00,20.32,64,1,2.17,0,0,0
London,2643743,1655521200,2022-06-18 03:00:00,18.69,76,3,1.53,0,0,0
London,2643743,1655532000,2022-06-18 06:00:00,19.44,72,4,2.93,0,0,0
London,2643743,1655542800,2022-06-18 09:00:00,23.43,59,33,3.6,0.34,0.1,0
London,2643743,1655553600,2022-06-18 12:00:00,26.64,49,45,4.24,0.24,0,0
London,2643743,1655564400,2022-06-18 15:00:00,24.11,59,69,3.95,0.04,0,0
London,2643743,1655575200,2022-06-18 18:00:00,20.97,66,84,4.87,0.04,0,0
London,2643743,1655586000,2022-06-18 21:00:00,16.86,74,100,5.53,0.26,0.16,0
London,2643743,1655596800,2022-06-19 00:00:00,12.29,88,97,4.74,1,3.33,0
London,2643743,1655607600,2022-06-19 03:00:00,11.9,92,100,5.77,1,3.16,0
London,2643743,1655618400,2022-06-19 06:00:00,12.14,92,100,6.12,1,0.69,0
London,2643743,1655629200,2022-06-19 09:00:00,11.79,95,100,6.53,1,3.69,0
London,2643743,1655640000,2022-06-19 12:00:00,12.54,84,100,6.71,1,0.44,0
Berlin,2950159,1655218800,2022-06-14 16:00:00,20.85,42,0,4.36,0,0,0
Berlin,2950159,1655229600,2022-06-14 19:00:00,20.04,44,14,2.68,0,0,0
Berlin,2950159,1655240400,2022-06-14 22:00:00,16.92,55,37,1.39,0,0,0
Berlin,2950159,1655251200,2022-06-15 01:00:00,14.07,65,78,1.91,0,0,0
Berlin,2950159,1655262000,2022-06-15 04:00:00,12.42,70,67,1.43,0,0,0
Berlin,2950159,1655272800,2022-06-15 07:00:00,16.46,54,80,1.31,0,0,0
Berlin,2950159,1655283600,2022-06-15 10:00:00,21.51,40,39,1.79,0,0,0
Berlin,2950159,1655294400,2022-06-15 13:00:00,25.37,31,57,1.18,0,0,0
Berlin,2950159,1655305200,2022-06-15 16:00:00,26.15,28,21,2.48,0,0,0
Berlin,2950159,1655316000,2022-06-15 19:00:00,23.39,37,60,2.79,0,0,0
Berlin,2950159,1655326800,2022-06-15 22:00:00,17.85,62,100,4.11,0,0,0
Berlin,2950159,1655337600,2022-06-16 01:00:00,15.36,75,79,2.93,0,0,0
Berlin,2950159,1655348400,2022-06-16 04:00:00,15.17,74,100,2.8,0,0,0
Berlin,2950159,1655359200,2022-06-16 07:00:00,16.41,65,100,3.55,0,0,0
Berlin,2950159,1655370000,2022-06-16 10:00:00,19.89,48,100,3.41,0,0,0
Berlin,2950159,1655380800,2022-06-16 13:00:00,23.2,38,99,3.0,0.11,0,0
Berlin,2950159,1655391600,2022-06-16 16:00:00,23.31,32,82,5.62,0.02,0,0
Berlin,2950159,1655402400,2022-06-16 19:00:00,20.91,41,49,4.25,0,0,0
Berlin,2950159,1655413200,2022-06-16 22:00:00,17.14,56,71,2.56,0,0,0
Berlin,2950159,1655424000,2022-06-17 01:00:00,15.02,68,80,2.47,0,0,0
Berlin,2950159,1655434800,2022-06-17 04:00:00,13.18,81,38,2.55,0,0,0
Berlin,2950159,1655445600,2022-06-17 07:00:00,15.82,66,69,3.23,0,0,0
Berlin,2950159,1655456400,2022-06-17 10:00:00,21.11,43,89,2.93,0,0,0
Berlin,2950159,1655467200,2022-06-17 13:00:00,24.11,33,94,2.92,0,0,0
Berlin,2950159,1655478000,2022-06-17 16:00:00,24.69,30,98,3.06,0,0,0
Berlin,2950159,1655488800,2022-06-17 19:00:00,22.16,37,99,1.02,0,0,0
Berlin,2950159,1655499600,2022-06-17 22:00:00,19.71,43,100,1.62,0,0,0
Berlin,2950159,1655510400,2022-06-18 01:00:00,18.21,50,100,2.64,0,0,0
Berlin,2950159,1655521200,2022-06-18 04:00:00,17.13,58,57,3.34,0,0,0
Berlin,2950159,1655532000,2022-06-18 07:00:00,22.3,51,28,3.93,0,0,0
Berlin,2950159,1655542800,2022-06-18 10:00:00,28.88,42,0,5.61,0,0,0
Berlin,2950159,1655553600,2022-06-18 13:00:00,31.76,32,0,6.31,0,0,0
Berlin,2950159,1655564400,2022-06-18 16:00:00,32.13,29,0,6.35,0,0,0
Berlin,2950159,1655575200,2022-06-18 19:00:00,27.39,45,0,4.99,0,0,0
Berlin,2950159,1655586000,2022-06-18 22:00:00,21.7,60,12,3.2,0,0,0
Berlin,2950159,1655596800,2022-06-19 01:00:00,18.79,70,46,2.32,0.27,0.12,0
Berlin,2950159,1655607600,2022-06-19 04:00:00,17.92,80,83,1.19,0.73,0.95,0
Berlin,2950159,1655618400,2022-06-19 07:00:00,19.07,74,91,2.8,0.93,0.35,0
Berlin,2950159,1655629200,2022-06-19 10:00:00,20.81,69,100,2.97,0.87,1.16,0
Berlin,2950159,1655640000,2022-06-19 13:00:00,26.75,52,100,2.3,0.74,0,0
Madrid,3117735,1655218800,2022-06-14 16:00:00,37.61,14,0,5.89,0,0,0
Madrid,3117735,1655229600,2022-06-14 19:00:00,37.59,13,23,7.53,0,0,0
Madrid,3117735,1655240400,2022-06-14 22:00:00,34.47,15,66,3.36,0.17,0,0
Madrid,3117735,1655251200,2022-06-15 01:00:00,26.12,34,70,4.45,0.09,0,0
Madrid,3117735,1655262000,2022-06-15 04:00:00,24.5,37,2,3.53,0,0,0
Madrid,3117735,1655272800,2022-06-15 07:00:00,24.25,38,1,2.97,0,0,0
Madrid,3117735,1655283600,2022-06-15 10:00:00,29.81,26,20,1.65,0,0,0
Madrid,3117735,1655294400,2022-06-15 13:00:00,35.79,16,60,0.47,0,0,0
Madrid,3117735,1655305200,2022-06-15 16:00:00,37.96,10,99,1.35,0,0,0
Madrid,3117735,1655316000,2022-06-15 19:00:00,37.11,10,99,2.56,0,0,0
Madrid,3117735,1655326800,2022-06-15 22:00:00,31.04,22,100,4.95,0,0,0
Madrid,3117735,1655337600,2022-06-16 01:00:00,29.47,26,100,0.98,0,0,0
Madrid,3117735,1655348400,2022-06-16 04:00:00,26.38,37,97,2.31,0.32,0.34,0
Madrid,3117735,1655359200,2022-06-16 07:00:00,26.15,36,92,1.46,0,0,0
Madrid,3117735,1655370000,2022-06-16 10:00:00,30.37,26,92,2.6,0,0,0
Madrid,3117735,1655380800,2022-06-16 13:00:00,35.8,18,60,1.06,0,0,0
Madrid,3117735,1655391600,2022-06-16 16:00:00,38.43,13,6,0.92,0,0,0
Madrid,3117735,1655402400,2022-06-16 19:00:00,28.02,35,21,8.37,0.24,0.2,0
Madrid,3117735,1655413200,2022-06-16 22:00:00,26.51,42,100,2.07,0.64,0.76,0
Madrid,3117735,1655424000,2022-06-17 01:00:00,26.97,39,100,4.1,0.47,0.15,0
Madrid,3117735,1655434800,2022-06-17 04:00:00,25.48,42,90,1.65,0,0,0
Madrid,3117735,1655445600,2022-06-17 07:00:00,25.59,41,77,2.76,0,0,0
Madrid,3117735,1655456400,2022-06-17 10:00:00,30.67,27,49,2.62,0,0,0
Madrid,3117735,1655467200,2022-06-17 13:00:00,36.48,16,55,1.22,0,0,0
Madrid,3117735,1655478000,2022-06-17 16:00:00,39.33,11,11,0.78,0,0,0
Madrid,3117735,1655488800,2022-06-17 19:00:00,37.97,11,8,4.63,0,0,0
Madrid,3117735,1655499600,2022-06-17 22:00:00,31.62,22,85,1.01,0.03,0,0
Madrid,3117735,1655510400,2022-06-18 01:00:00,29.21,23,72,3.86,0,0,0
Madrid,3117735,1655521200,2022-06-18 04:00:00,26.51,25,52,3.92,0,0,0
Madrid,3117735,1655532000,2022-06-18 07:00:00,26.08,25,28,2.72,0,0,0
Madrid,3117735,1655542800,2022-06-18 10:00:00,31.36,17,34,2.86,0,0,0
Madrid,3117735,1655553600,2022-06-18 13:00:00,37.03,12,22,5.29,0,0,0
Madrid,3117735,1655564400,2022-06-18 16:00:00,39.51,9,4,7.81,0,0,0
Madrid,3117735,1655575200,2022-06-18 19:00:00,38.05,13,27,8.97,0,0,0
Madrid,3117735,1655586000,2022-06-18 22:00:00,30.92,21,7,7.11,0.02,0,0
Madrid,3117735,1655596800,2022-06-19 01:00:00,26.19,21,4,5.55,0.02,0,0
Madrid,3117735,1655607600,2022-06-19 04:00:00,21.69,32,2,5.48,0,0,0
Madrid,3117735,1655618400,2022-06-19 07:00:00,19.89,34,1,5.18,0,0,0
Madrid,3117735,1655629200,2022-06-19 10:00:00,23.82,26,0,5.66,0,0,0
Madrid,3117735,1655640000,2022-06-19 13:00:00,28.45,20,0,6.94,0,0,0
Paris,2988507,1655218800,2022-06-14 16:00:00,25.38,39,0,3.39,0,0,0
Paris,2988507,1655229600,2022-06-14 19:00:00,24.82,42,17,3.13,0,0,0
Paris,2988507,1655240400,2022-06-14 22:00:00,20.8,59,0,2.67,0,0,0
Paris,2988507,1655251200,2022-06-15 01:00:00,16.32,71,0,2.0,0,0,0
Paris,2988507,1655262000,2022-06-15 04:00:00,14.98,75,2,1.6,0,0,0
Paris,2988507,1655272800,2022-06-15 07:00:00,17.37,65,2,1.96,0,0,0
Paris,2988507,1655283600,2022-06-15 10:00:00,23.73,46,0,2.01,0,0,0
Paris,2988507,1655294400,2022-06-15 13:00:00,28.39,34,0,1.61,0,0,0
Paris,2988507,1655305200,2022-06-15 16:00:00,29.75,31,5,1.72,0,0,0
Paris,2988507,1655316000,2022-06-15 19:00:00,26.98,41,4,2.87,0,0,0
Paris,2988507,1655326800,2022-06-15 22:00:00,21.91,55,22,2.06,0,0,0
Paris,2988507,1655337600,2022-06-16 01:00:00,19.21,65,28,1.84,0,0,0
Paris,2988507,1655348400,2022-06-16 04:00:00,17.54,72,53,1.71,0,0,0
Paris,2988507,1655359200,2022-06-16 07:00:00,18.87,66,67,2.33,0,0,0
Paris,2988507,1655370000,2022-06-16 10:00:00,23.77,48,98,2.02,0,0,0
Paris,2988507,1655380800,2022-06-16 13:00:00,27.79,35,91,1.81,0,0,0
Paris,2988507,1655391600,2022-06-16 16:00:00,28.68,33,100,2.2,0,0,0
Paris,2988507,1655402400,2022-06-16 19:00:00,26.46,43,100,2.3,0,0,0
Paris,2988507,1655413200,2022-06-16 22:00:00,21.87,59,100,1.77,0,0,0
Paris,2988507,1655424000,2022-06-17 01:00:00,19.84,63,87,1.7,0,0,0
Paris,2988507,1655434800,2022-06-17 04:00:00,18.42,66,87,1.44,0,0,0
Paris,2988507,1655445600,2022-06-17 07:00:00,20.16,62,94,2.21,0,0,0
Paris,2988507,1655456400,2022-06-17 10:00:00,26.86,40,60,2.57,0,0,0
Paris,2988507,1655467200,2022-06-17 13:00:00,31.79,28,55,2.76,0,0,0
Paris,2988507,1655478000,2022-06-17 16:00:00,33.89,26,7,3.25,0,0,0
Paris,2988507,1655488800,2022-06-17 19:00:00,32.35,32,7,1.89,0,0,0
Paris,2988507,1655499600,2022-06-17 22:00:00,27.08,43,1,1.64,0,0,0
Paris,2988507,1655510400,2022-06-18 01:00:00,24.32,53,3,2.33,0,0,0
Paris,2988507,1655521200,2022-06-18 04:00:00,22.56,56,2,1.11,0,0,0
Paris,2988507,1655532000,2022-06-18 07:00:00,24.75,51,4,1.26,0,0,0
Paris,2988507,1655542800,2022-06-18 10:00:00,31.51,35,29,1.76,0,0,0
Paris,2988507,1655553600,2022-06-18 13:00:00,36.31,25,19,2.79,0,0,0
Paris,2988507,1655564400,2022-06-18 16:00:00,37.84,22,9,3.07,0,0,0
Paris,2988507,1655575200,2022-06-18 19:00:00,35.44,28,42,2.96,0,0,0
Paris,2988507,1655586000,2022-06-18 22:00:00,29.38,48,6,4.4,0,0,0
Paris,2988507,1655596800,2022-06-19 01:00:00,26.87,44,11,2.83,0,0,0
Paris,2988507,1655607600,2022-06-19 04:00:00,25.64,43,63,3.65,0,0,0
Paris,2988507,1655618400,2022-06-19 07:00:00,24.95,52,54,4.9,0,0,0
Paris,2988507,1655629200,2022-06-19 10:00:00,26.01,56,73,3.6,0.4,0.2,0
Paris,2988507,1655640000,2022-06-19 13:00:00,31.2,41,69,5.73,0.33,0.13,0
Bucharest,683506,1655218800,2022-06-14 17:00:00,23.62,72,75,7.09,0.84,1.11,0
Bucharest,683506,1655229600,2022-06-14 20:00:00,22.08,74,76,3.35,0.92,0.7,0
Bucharest,683506,1655240400,2022-06-14 23:00:00,19.63,77,84,2.3,0.46,0.63,0
Bucharest,683506,1655251200,2022-06-15 02:00:00,17.55,79,94,3.25,0.22,0,0
Bucharest,683506,1655262000,2022-06-15 05:00:00,17.54,65,100,3.87,0.02,0,0
Bucharest,683506,1655272800,2022-06-15 08:00:00,18.55,57,91,4.0,0.05,0,0
Bucharest,683506,1655283600,2022-06-15 11:00:00,18.82,56,98,2.4,0,0,0
Bucharest,683506,1655294400,2022-06-15 14:00:00,19.84,53,99,0.7,0,0,0
Bucharest,683506,1655305200,2022-06-15 17:00:00,22.03,48,65,1.87,0.02,0,0
Bucharest,683506,1655316000,2022-06-15 20:00:00,18.38,62,42,1.76,0,0,0
Bucharest,683506,1655326800,2022-06-15 23:00:00,17.01,67,6,1.51,0,0,0
Bucharest,683506,1655337600,2022-06-16 02:00:00,15.91,71,8,1.28,0,0,0
Bucharest,683506,1655348400,2022-06-16 05:00:00,15.84,74,32,0.97,0,0,0
Bucharest,683506,1655359200,2022-06-16 08:00:00,20.82,58,35,0.66,0,0,0
Bucharest,683506,1655370000,2022-06-16 11:00:00,25.96,43,15,0.95,0.07,0,0
Bucharest,683506,1655380800,2022-06-16 14:00:00,27.78,34,12,2.72,0.07,0,0
Bucharest,683506,1655391600,2022-06-16 17:00:00,27.52,35,53,2.03,0.05,0,0
Bucharest,683506,1655402400,2022-06-16 20:00:00,23.18,49,50,1.81,0,0,0
Bucharest,683506,1655413200,2022-06-16 23:00:00,21.42,53,63,0.64,0,0,0
Bucharest,683506,1655424000,2022-06-17 02:00:00,19.34,60,56,1.2,0,0,0
Bucharest,683506,1655434800,2022-06-17 05:00:00,18.67,63,61,0.72,0,0,0
Bucharest,683506,1655445600,2022-06-17 08:00:00,22.76,52,55,2.2,0,0,0
Bucharest,683506,1655456400,2022-06-17 11:00:00,27.87,38,67,3.95,0,0,0
Bucharest,683506,1655467200,2022-06-17 14:00:00,28.9,34,53,4.66,0.05,0,0
Bucharest,683506,1655478000,2022-06-17 17:00:00,18.94,87,100,3.02,0.69,2.07,0
Bucharest,683506,1655488800,2022-06-17 20:00:00,19.7,80,100,2.37,0.74,0.57,0
Bucharest,683506,1655499600,2022-06-17 23:00:00,17.65,90,98,1.48,0.77,1.28,0
Bucharest,683506,1655510400,2022-06-18 02:00:00,16.34,83,97,5.56,0.61,0.1,0
Bucharest,683506,1655521200,2022-06-18 05:00:00,16.04,79,95,3.8,0.04,0,0
Bucharest,683506,1655532000,2022-06-18 08:00:00,17.68,67,97,3.35,0.04,0,0
Bucharest,683506,1655542800,2022-06-18 11:00:00,20.75,52,95,2.9,0.02,0,0
Bucharest,683506,1655553600,2022-06-18 14:00:00,21.53,53,87,2.46,0.04,0,0
Bucharest,683506,1655564400,2022-06-18 17:00:00,23.65,44,65,1.79,0.1,0,0
Bucharest,683506,1655575200,2022-06-18 20:00:00,20.25,55,34,2.11,0.05,0,0
Bucharest,683506,1655586000,2022-06-18 23:00:00,18.32,62,2,2.3,0,0,0
Bucharest,683506,1655596800,2022-06-19 02:00:00,17.14,68,11,1.87,0,0,0
Bucharest,683506,1655607600,2022-06-19 05:00:00,15.93,68,4,0.88,0,0,0
Bucharest,683506,1655618400,2022-06-19 08:00:00,21.39,51,3,0.67,0,0,0
Bucharest,683506,1655629200,2022-06-19 11:00:00,26.24,40,0,0.51,0,0,0
Bucharest,683506,1655640000,2022-06-19 14:00:00,28.71,33,0,1.09,0,0,0
Budapest,3054643,1655218800,2022-06-14 16:00:00,23.29,39,0,4.97,0,0,0
Budapest,3054643,1655229600,2022-06-14 19:00:00,22.21,41,31,3.03,0,0,0
Budapest,3054643,1655240400,2022-06-14 22:00:00,19.04,51,55,1.83,0,0,0
Budapest,3054643,1655251200,2022-06-15 01:00:00,15.56,57,76,1.38,0,0,0
Budapest,3054643,1655262000,2022-06-15 04:00:00,14.32,60,78,1.62,0,0,0
Budapest,3054643,1655272800,2022-06-15 07:00:00,18.09,50,39,1.47,0,0,0
Budapest,3054643,1655283600,2022-06-15 10:00:00,23.3,35,2,0.95,0,0,0
Budapest,3054643,1655294400,2022-06-15 13:00:00,25.79,31,32,1.5,0,0,0
Budapest,3054643,1655305200,2022-06-15 16:00:00,26.14,33,68,1.61,0,0,0
Budapest,3054643,1655316000,2022-06-15 19:00:00,23.46,50,37,0.31,0,0,0
Budapest,3054643,1655326800,2022-06-15 22:00:00,20.59,55,6,0.57,0,0,0
Budapest,3054643,1655337600,2022-06-16 01:00:00,19.26,60,11,0.07,0,0,0
Budapest,3054643,1655348400,2022-06-16 04:00:00,18.09,66,100,0.5,0,0,0
Budapest,3054643,1655359200,2022-06-16 07:00:00,21.22,57,100,1.58,0,0,0
Budapest,3054643,1655370000,2022-06-16 10:00:00,25.8,41,80,2.69,0,0,0
Budapest,3054643,1655380800,2022-06-16 13:00:00,28.34,35,43,3.35,0,0,0
Budapest,3054643,1655391600,2022-06-16 16:00:00,28.47,36,39,4.48,0,0,0
Budapest,3054643,1655402400,2022-06-16 19:00:00,22.59,65,69,4.35,0.27,0,0
Budapest,3054643,1655413200,2022-06-16 22:00:00,19.73,69,99,3.79,0.33,0,0
Budapest,3054643,1655424000,2022-06-17 01:00:00,17.89,78,89,4.16,0.17,0,0
Budapest,3054643,1655434800,2022-06-17 04:00:00,16.5,83,63,5.29,0,0,0
Budapest,3054643,1655445600,2022-06-17 07:00:00,18.59,65,80,5.45,0,0,0
Budapest,3054643,1655456400,2022-06-17 10:00:00,22.81,41,73,5.94,0,0,0
Budapest,3054643,1655467200,2022-06-17 13:00:00,24.85,33,52,6.86,0,0,0
Budapest,3054643,1655478000,2022-06-17 16:00:00,24.87,34,57,6.45,0,0,0
Budapest,3054643,1655488800,2022-06-17 19:00:00,21.42,48,49,4.54,0,0,0
Budapest,3054643,1655499600,2022-06-17 22:00:00,18.92,56,99,1.91,0,0,0
Budapest,3054643,1655510400,2022-06-18 01:00:00,17.66,59,99,1.64,0,0,0
Budapest,3054643,1655521200,2022-06-18 04:00:00,16.31,64,83,1.22,0,0,0
Budapest,3054643,1655532000,2022-06-18 07:00:00,19.71,53,91,0.91,0,0,0
Budapest,3054643,1655542800,2022-06-18 10:00:00,24.42,38,59,1.06,0,0,0
Budapest,3054643,1655553600,2022-06-18 13:00:00,27.34,30,40,1.93,0,0,0
Budapest,3054643,1655564400,2022-06-18 16:00:00,27.63,33,2,2.16,0,0,0
Budapest,3054643,1655575200,2022-06-18 19:00:00,24.88,45,1,0.5,0,0,0
Budapest,3054643,1655586000,2022-06-18 22:00:00,21.99,52,0,0.85,0,0,0
Budapest,3054643,1655596800,2022-06-19 01:00:00,20.32,56,0,1.14,0,0,0
Budapest,3054643,1655607600,2022-06-19 04:00:00,19.19,60,0,0.56,0,0,0
Budapest,3054643,1655618400,2022-06-19 07:00:00,22.87,49,0,1.59,0,0,0
Budapest,3054643,1655629200,2022-06-19 10:00:00,27.81,33,0,3.02,0,0,0
Budapest,3054643,1655640000,2022-06-19 13:00:00,30.62,28,0,3.64,0,0,0
Hamburg,2911298,1655218800,2022-06-14 16:00:00,18.78,55,75,4.15,0,0,0
Hamburg,2911298,1655229600,2022-06-14 19:00:00,18.0,58,82,2.5,0,0,0
Hamburg,2911298,1655240400,2022-06-14 22:00:00,13.83,77,87,1.69,0,0,0
Hamburg,2911298,1655251200,2022-06-15 01:00:00,10.01,94,95,1.11,0,0,0
Hamburg,2911298,1655262000,2022-06-15 04:00:00,8.95,95,42,1.09,0,0,0
Hamburg,2911298,1655272800,2022-06-15 07:00:00,14.48,73,38,1.06,0,0,0
Hamburg,2911298,1655283600,2022-06-15 10:00:00,19.47,49,28,1.67,0,0,0
Hamburg,2911298,1655294400,2022-06-15 13:00:00,22.28,39,22,2.08,0,0,0
Hamburg,2911298,1655305200,2022-06-15 16:00:00,21.97,40,77,3.26,0,0,0
Hamburg,2911298,1655316000,2022-06-15 19:00:00,17.81,58,87,3.98,0,0,0
Hamburg,2911298,1655326800,2022-06-15 22:00:00,11.57,82,51,2.06,0,0,0
Hamburg,2911298,1655337600,2022-06-16 01:00:00,11.31,80,75,1.83,0,0,0
Hamburg,2911298,1655348400,2022-06-16 04:00:00,10.86,86,100,1.62,0,0,0
Hamburg,2911298,1655359200,2022-06-16 07:00:00,14.4,69,100,2.17,0,0,0
Hamburg,2911298,1655370000,2022-06-16 10:00:00,18.29,49,94,3.35,0,0,0
Hamburg,2911298,1655380800,2022-06-16 13:00:00,21.17,42,83,4.63,0,0,0
Hamburg,2911298,1655391600,2022-06-16 16:00:00,20.55,45,17,5.68,0,0,0
Hamburg,2911298,1655402400,2022-06-16 19:00:00,16.74,63,46,3.96,0,0,0
Hamburg,2911298,1655413200,2022-06-16 22:00:00,12.47,85,100,2.46,0,0,0
Hamburg,2911298,1655424000,2022-06-17 01:00:00,10.04,95,83,1.9,0,0,0
Hamburg,2911298,1655434800,2022-06-17 04:00:00,9.67,94,95,1.81,0,0,0
Hamburg,2911298,1655445600,2022-06-17 07:00:00,15.22,66,91,1.99,0,0,0
Hamburg,2911298,1655456400,2022-06-17 10:00:00,20.21,45,100,2.73,0,0,0
Hamburg,2911298,1655467200,2022-06-17 13:00:00,21.11,49,99,2.48,0,0,0
Hamburg,2911298,1655478000,2022-06-17 16:00:00,21.55,55,100,1.87,0,0,0
Hamburg,2911298,1655488800,2022-06-17 19:00:00,21.02,64,100,2.62,0,0,0
Hamburg,2911298,1655499600,2022-06-17 22:00:00,17.08,77,73,3.19,0,0,0
Hamburg,2911298,1655510400,2022-06-18 01:00:00,18.1,68,39,3.7,0,0,0
Hamburg,2911298,1655521200,2022-06-18 04:00:00,17.79,76,1,3.87,0,0,0
Hamburg,2911298,1655532000,2022-06-18 07:00:00,20.34,73,0,4.62,0,0,0
Hamburg,2911298,1655542800,2022-06-18 10:00:00,24.03,53,1,5.54,0,0,0
Hamburg,2911298,1655553600,2022-06-18 13:00:00,24.33,52,1,6.12,0,0,0
Hamburg,2911298,1655564400,2022-06-18 16:00:00,22.45,54,6,6.33,0,0,0
Hamburg,2911298,1655575200,2022-06-18 19:00:00,18.62,54,24,3.58,0,0,0
Hamburg,2911298,1655586000,2022-06-18 22:00:00,13.18,79,38,3.09,0,0,0
Hamburg,2911298,1655596800,2022-06-19 01:00:00,11.03,96,62,1.67,0,0,0
Hamburg,2911298,1655607600,2022-06-19 04:00:00,10.53,93,77,2.07,0,0,0
Hamburg,2911298,1655618400,2022-06-19 07:00:00,13.47,70,81,1.0,0.16,0,0
Hamburg,2911298,1655629200,2022-06-19 10:00:00,15.14,63,100,2.91,0.92,0.5,0
Hamburg,2911298,1655640000,2022-06-19 13:00:00,15.28,69,100,2.51,1,0.88,0
Warsaw,756135,1655218800,2022-06-14 16:00:00,17.86,60,20,6.93,0.19,0,0
Warsaw,756135,1655229600,2022-06-14 19:00:00,17.0,62,36,3.95,0.31,0.11,0
Warsaw,756135,1655240400,2022-06-14 22:00:00,14.47,71,22,3.05,0,0,0
Warsaw,756135,1655251200,2022-06-15 01:00:00,11.11,82,15,2.97,0,0,0
Warsaw,756135,1655262000,2022-06-15 04:00:00,10.02,86,10,2.91,0,0,0
Warsaw,756135,1655272800,2022-06-15 07:00:00,13.92,72,43,4.12,0,0,0
Warsaw,756135,1655283600,2022-06-15 10:00:00,17.41,59,100,4.56,0,0,0
Warsaw,756135,1655294400,2022-06-15 13:00:00,19.18,50,100,3.84,0.2,0.25,0
Warsaw,756135,1655305200,2022-06-15 16:00:00,19.53,51,95,3.88,0.27,0,0
Warsaw,756135,1655316000,2022-06-15 19:00:00,17.74,61,79,2.04,0.23,0,0
Warsaw,756135,1655326800,2022-06-15 22:00:00,15.67,69,69,1.42,0,0,0
Warsaw,756135,1655337600,2022-06-16 01:00:00,13.98,73,74,1.08,0,0,0
Warsaw,756135,1655348400,2022-06-16 04:00:00,13.1,73,96,2.03,0,0,0
Warsaw,756135,1655359200,2022-06-16 07:00:00,17.66,58,88,2.49,0,0,0
Warsaw,756135,1655370000,2022-06-16 10:00:00,19.61,56,100,2.12,0,0,0
Warsaw,756135,1655380800,2022-06-16 13:00:00,22.92,45,100,3.87,0,0,0
Warsaw,756135,1655391600,2022-06-16 16:00:00,22.91,48,100,2.2,0.07,0,0
Warsaw,756135,1655402400,2022-06-16 19:00:00,20.57,60,96,1.71,0.38,0,0
Warsaw,756135,1655413200,2022-06-16 22:00:00,15.54,92,100,4.16,0.85,3.17,0
Warsaw,756135,1655424000,2022-06-17 01:00:00,14.59,94,100,3.22,0.96,3.45,0
Warsaw,756135,1655434800,2022-06-17 04:00:00,13.34,89,100,2.87,0.5,0.32,0
Warsaw,756135,1655445600,2022-06-17 07:00:00,15.3,73,73,3.51,0.42,0,0
Warsaw,756135,1655456400,2022-06-17 10:00:00,18.97,56,99,4.25,0.2,0.12,0
Warsaw,756135,1655467200,2022-06-17 13:00:00,19.48,55,91,3.98,0.73,0.63,0
Warsaw,756135,1655478000,2022-06-17 16:00:00,20.84,49,62,4.43,0.13,0,0
Warsaw,756135,1655488800,2022-06-17 19:00:00,18.47,68,50,2.89,0.4,0.29,0
Warsaw,756135,1655499600,2022-06-17 22:00:00,16.05,76,100,2.55,0,0,0
Warsaw,756135,1655510400,2022-06-18 01:00:00,14.6,81,100,1.17,0,0,0
Warsaw,756135,1655521200,2022-06-18 04:00:00,13.85,83,93,1.55,0,0,0
Warsaw,756135,1655532000,2022-06-18 07:00:00,17.28,68,92,2.45,0,0,0
Warsaw,756135,1655542800,2022-06-18 10:00:00,22.17,49,93,4.04,0,0,0
Warsaw,756135,1655553600,2022-06-18 13:00:00,25.27,41,81,4.76,0,0,0
Warsaw,756135,1655564400,2022-06-18 16:00:00,26.01,43,7,5.7,0,0,0
Warsaw,756135,1655575200,2022-06-18 19:00:00,23.62,59,8,5.08,0,0,0
Warsaw,756135,1655586000,2022-06-18 22:00:00,22.16,65,62,4.75,0,0,0
Warsaw,756135,1655596800,2022-06-19 01:00:00,19.16,83,32,2.6,0,0,0
Warsaw,756135,1655607600,2022-06-19 04:00:00,17.84,76,6,2.06,0,0,0
Warsaw,756135,1655618400,2022-06-19 07:00:00,21.32,58,9,3.04,0,0,0
Warsaw,756135,1655629200,2022-06-19 10:00:00,25.68,52,65,2.39,0,0,0
Warsaw,756135,1655640000,2022-06-19 13:00:00,29.19,49,44,3.36,0,0,0
Vienna,2761369,1655218800,2022-06-14 16:00:00,23.22,45,20,3.1,0.01,0,0
Vienna,2761369,1655229600,2022-06-14 19:00:00,21.96,48,28,2.0,0.01,0,0
Vienna,2761369,1655240400,2022-06-14 22:00:00,19.45,53,61,1.42,0,0,0
Vienna,2761369,1655251200,2022-06-15 01:00:00,14.08,65,56,1.01,0,0,0
Vienna,2761369,1655262000,2022-06-15 04:00:00,12.69,70,6,0.9,0,0,0
Vienna,2761369,1655272800,2022-06-15 07:00:00,17.14,55,11,1.8,0,0,0
Vienna,2761369,1655283600,2022-06-15 10:00:00,21.48,48,97,3.2,0,0,0
Vienna,2761369,1655294400,2022-06-15 13:00:00,25.05,42,82,3.32,0,0,0
Vienna,2761369,1655305200,2022-06-15 16:00:00,26.22,40,5,3.08,0,0,0
Vienna,2761369,1655316000,2022-06-15 19:00:00,22.53,57,37,2.39,0.02,0,0
Vienna,2761369,1655326800,2022-06-15 22:00:00,18.27,74,61,1.67,0,0,0
Vienna,2761369,1655337600,2022-06-16 01:00:00,16.12,83,35,0.28,0,0,0
Vienna,2761369,1655348400,2022-06-16 04:00:00,14.64,89,15,0.25,0,0,0
Vienna,2761369,1655359200,2022-06-16 07:00:00,19.36,70,29,0.79,0,0,0
Vienna,2761369,1655370000,2022-06-16 10:00:00,25.41,51,37,1.68,0.05,0,0
Vienna,2761369,1655380800,2022-06-16 13:00:00,28.8,38,43,1.11,0.03,0,0
Vienna,2761369,1655391600,2022-06-16 16:00:00,21.42,69,70,4.66,0.98,1.51,0
Vienna,2761369,1655402400,2022-06-16 19:00:00,17.83,93,79,1.95,0.96,2.7,0
Vienna,2761369,1655413200,2022-06-16 22:00:00,16.05,95,71,2.12,0.57,1.17,0
Vienna,2761369,1655424000,2022-06-17 01:00:00,15.18,88,78,5.06,0.51,0,0
Vienna,2761369,1655434800,2022-06-17 04:00:00,14.24,85,93,3.72,0,0,0
Vienna,2761369,1655445600,2022-06-17 07:00:00,17.6,68,86,4.64,0,0,0
Vienna,2761369,1655456400,2022-06-17 10:00:00,21.77,45,70,5.11,0,0,0
Vienna,2761369,1655467200,2022-06-17 13:00:00,24.36,36,84,4.93,0,0,0
Vienna,2761369,1655478000,2022-06-17 16:00:00,24.91,35,68,5.08,0,0,0
Vienna,2761369,1655488800,2022-06-17 19:00:00,21.07,55,84,1.98,0,0,0
Vienna,2761369,1655499600,2022-06-17 22:00:00,17.34,67,93,1.19,0,0,0
Vienna,2761369,1655510400,2022-06-18 01:00:00,15.76,73,96,1.06,0,0,0
Vienna,2761369,1655521200,2022-06-18 04:00:00,14.96,77,90,0.69,0,0,0
Vienna,2761369,1655532000,2022-06-18 07:00:00,19.8,62,83,0.67,0,0,0
Vienna,2761369,1655542800,2022-06-18 10:00:00,26.03,42,44,0.86,0,0,0
Vienna,2761369,1655553600,2022-06-18 13:00:00,29.7,32,29,0.82,0,0,0
Vienna,2761369,1655564400,2022-06-18 16:00:00,30.38,32,0,0.46,0,0,0
Vienna,2761369,1655575200,2022-06-18 19:00:00,25.29,53,0,2.41,0,0,0
Vienna,2761369,1655586000,2022-06-18 22:00:00,21.48,65,0,1.65,0,0,0
Vienna,2761369,1655596800,2022-06-19 01:00:00,19.88,72,1,1.41,0,0,0
Vienna,2761369,1655607600,2022-06-19 04:00:00,18.69,74,1,1.38,0,0,0
Vienna,2761369,1655618400,2022-06-19 07:00:00,22.83,60,0,3.04,0,0,0
Vienna,2761369,1655629200,2022-06-19 10:00:00,29.19,40,3,7.11,0,0,0
Vienna,2761369,1655640000,2022-06-19 13:00:00,31.67,30,3,7.43,0,0,0
Barcelona,3128760,1655218800,2022-06-14 16:00:00,29.32,44,0,2.71,0.02,0,0
Barcelona,3128760,1655229600,2022-06-14 19:00:00,29.13,43,13,1.28,0.04,0,0
Barcelona,3128760,1655240400,2022-06-14 22:00:00,27.55,49,67,5.03,0.28,0,0
Barcelona,3128760,1655251200,2022-06-15 01:00:00,26.53,51,100,4.1,0.24,0,0
Barcelona,3128760,1655262000,2022-06-15 04:00:00,25.78,56,94,2.25,0,0,0
Barcelona,3128760,1655272800,2022-06-15 07:00:00,25.81,54,97,1.88,0,0,0
Barcelona,3128760,1655283600,2022-06-15 10:00:00,27.84,50,67,3.39,0,0,0
Barcelona,3128760,1655294400,2022-06-15 13:00:00,28.55,53,33,4.33,0,0,0
Barcelona,3128760,1655305200,2022-06-15 16:00:00,28.28,54,0,2.79,0,0,0
Barcelona,3128760,1655316000,2022-06-15 19:00:00,28.31,52,3,1.24,0.2,0,0
Barcelona,3128760,1655326800,2022-06-15 22:00:00,27.4,54,80,1.93,0,0,0
Barcelona,3128760,1655337600,2022-06-16 01:00:00,26.73,58,90,2.0,0,0,0
Barcelona,3128760,1655348400,2022-06-16 04:00:00,26.01,59,99,1.09,0,0,0
Barcelona,3128760,1655359200,2022-06-16 07:00:00,26.07,59,99,1.27,0,0,0
Barcelona,3128760,1655370000,2022-06-16 10:00:00,28.38,52,88,2.93,0,0,0
Barcelona,3128760,1655380800,2022-06-16 13:00:00,29.94,49,52,2.62,0,0,0
Barcelona,3128760,1655391600,2022-06-16 16:00:00,30.32,46,69,3.04,0,0,0
Barcelona,3128760,1655402400,2022-06-16 19:00:00,29.89,44,82,3.87,0,0,0
Barcelona,3128760,1655413200,2022-06-16 22:00:00,29.22,43,57,3.26,0,0,0
Barcelona,3128760,1655424000,2022-06-17 01:00:00,28.46,42,57,2.88,0,0,0
Barcelona,3128760,1655434800,2022-06-17 04:00:00,27.51,45,4,1.5,0,0,0
Barcelona,3128760,1655445600,2022-06-17 07:00:00,27.72,50,2,0.72,0,0,0
Barcelona,3128760,1655456400,2022-06-17 10:00:00,30.41,45,0,2.43,0,0,0
Barcelona,3128760,1655467200,2022-06-17 13:00:00,30.65,48,1,3.46,0,0,0
Barcelona,3128760,1655478000,2022-06-17 16:00:00,29.54,47,4,2.72,0,0,0
Barcelona,3128760,1655488800,2022-06-17 19:00:00,29.24,46,3,1.71,0,0,0
Barcelona,3128760,1655499600,2022-06-17 22:00:00,28.41,49,0,0.78,0,0,0
Barcelona,3128760,1655510400,2022-06-18 01:00:00,27.93,50,0,1.14,0,0,0
Barcelona,3128760,1655521200,2022-06-18 04:00:00,26.66,54,10,2.05,0,0,0
Barcelona,3128760,1655532000,2022-06-18 07:00:00,25.99,61,6,1.18,0,0,0
Barcelona,3128760,1655542800,2022-06-18 10:00:00,28.27,52,0,2.94,0,0,0
Barcelona,3128760,1655553600,2022-06-18 13:00:00,28.52,55,0,4.06,0,0,0
Barcelona,3128760,1655564400,2022-06-18 16:00:00,28.57,55,2,3.37,0,0,0
Barcelona,3128760,1655575200,2022-06-18 19:00:00,27.16,62,2,2.55,0,0,0
Barcelona,3128760,1655586000,2022-06-18 22:00:00,25.79,69,0,1.41,0,0,0
Barcelona,3128760,1655596800,2022-06-19 01:00:00,25.34,71,0,0.7,0,0,0
Barcelona,3128760,1655607600,2022-06-19 04:00:00,24.98,71,0,0.26,0,0,0
Barcelona,3128760,1655618400,2022-06-19 07:00:00,25.48,66,0,0.67,0,0,0
Barcelona,3128760,1655629200,2022-06-19 10:00:00,27.67,54,0,2.3,0,0,0
Barcelona,3128760,1655640000,2022-06-19 13:00:00,28.99,49,0,4.07,0,0,0
Stockholm,2673730,1655218800,2022-06-14 16:00:00,17.45,78,20,1.91,0.54,1.02,0
Stockholm,2673730,1655229600,2022-06-14 19:00:00,16.93,74,40,1.36,0.27,0.14,0
Stockholm,2673730,1655240400,2022-06-14 22:00:00,13.69,80,31,1.47,0,0,0
Stockholm,2673730,1655251200,2022-06-15 01:00:00,10.73,84,21,2.21,0,0,0
Stockholm,2673730,1655262000,2022-06-15 04:00:00,10.64,82,7,2.86,0,0,0
Stockholm,2673730,1655272800,2022-06-15 07:00:00,14.95,55,23,3.1,0,0,0
Stockholm,2673730,1655283600,2022-06-15 10:00:00,18.91,41,46,3.82,0,0,0
Stockholm,2673730,1655294400,2022-06-15 13:00:00,20.79,38,28,3.47,0,0,0
Stockholm,2673730,1655305200,2022-06-15 16:00:00,19.07,49,59,0.6,0,0,0
Stockholm,2673730,1655316000,2022-06-15 19:00:00,15.89,67,79,0.53,0,0,0
Stockholm,2673730,1655326800,2022-06-15 22:00:00,14.17,72,100,0.81,0,0,0
Stockholm,2673730,1655337600,2022-06-16 01:00:00,13.8,72,100,1.55,0,0,0
Stockholm,2673730,1655348400,2022-06-16 04:00:00,13.49,75,100,1.39,0.05,0,0
Stockholm,2673730,1655359200,2022-06-16 07:00:00,16.51,61,99,0.91,0,0,0
Stockholm,2673730,1655370000,2022-06-16 10:00:00,18.4,52,98,0.73,0,0,0
Stockholm,2673730,1655380800,2022-06-16 13:00:00,19.0,52,99,2.03,0,0,0
Stockholm,2673730,1655391600,2022-06-16 16:00:00,16.3,63,100,3.67,0.24,0.22,0
Stockholm,2673730,1655402400,2022-06-16 19:00:00,14.42,67,100,2.39,0,0,0
Stockholm,2673730,1655413200,2022-06-16 22:00:00,13.0,74,93,1.53,0,0,0
Stockholm,2673730,1655424000,2022-06-17 01:00:00,12.94,80,93,1.49,0.2,0.14,0
Stockholm,2673730,1655434800,2022-06-17 04:00:00,12.16,86,68,1.15,0.05,0,0
Stockholm,2673730,1655445600,2022-06-17 07:00:00,13.71,81,82,1.29,0.29,0.17,0
Stockholm,2673730,1655456400,2022-06-17 10:00:00,14.64,79,99,0.62,0.24,0.21,0
Stockholm,2673730,1655467200,2022-06-17 13:00:00,18.79,59,84,2.71,0.52,0.34,0
Stockholm,2673730,1655478000,2022-06-17 16:00:00,19.45,54,43,3.58,0.53,0.37,0
Stockholm,2673730,1655488800,2022-06-17 19:00:00,16.46,69,71,2.85,0.42,0,0
Stockholm,2673730,1655499600,2022-06-17 22:00:00,13.87,87,100,2.83,0.2,0.19,0
Stockholm,2673730,1655510400,2022-06-18 01:00:00,13.34,90,100,2.69,0.26,0.2,0
Stockholm,2673730,1655521200,2022-06-18 04:00:00,13.04,93,100,2.57,0.35,0.19,0
Stockholm,2673730,1655532000,2022-06-18 07:00:00,13.5,98,100,4.01,1,2.33,0
Stockholm,2673730,1655542800,2022-06-18 10:00:00,14.55,94,100,3.71,0.72,0.3,0
Stockholm,2673730,1655553600,2022-06-18 13:00:00,19.49,65,97,4.27,0.8,0.29,0
Stockholm,2673730,1655564400,2022-06-18 16:00:00,22.91,41,60,4.68,0,0,0
Stockholm,2673730,1655575200,2022-06-18 19:00:00,18.15,40,43,7.67,0,0,0
Stockholm,2673730,1655586000,2022-06-18 22:00:00,14.77,49,0,8.68,0,0,0
Stockholm,2673730,1655596800,2022-06-19 01:00:00,12.67,61,8,7.59,0,0,0
Stockholm,2673730,1655607600,2022-06-19 04:00:00,11.6,73,2,6.93,0,0,0
Stockholm,2673730,1655618400,2022-06-19 07:00:00,14.28,64,11,6.64,0,0,0
Stockholm,2673730,1655629200,2022-06-19 10:00:00,14.85,61,80,5.72,0.24,0.28,0
Stockholm,2673730,1655640000,2022-06-19 13:00:00,20.12,34,62,5.65,0,0,0
Belgrade,792680,1655218800,2022-06-14 16:00:00,24.79,39,0,5.72,0,0,0
Belgrade,792680,1655229600,2022-06-14 19:00:00,23.44,39,4,4.02,0,0,0
Belgrade,792680,1655240400,2022-06-14 22:00:00,19.32,48,42,2.16,0,0,0
Belgrade,792680,1655251200,2022-06-15 01:00:00,14.34,60,56,1.3,0,0,0
Belgrade,792680,1655262000,2022-06-15 04:00:00,12.75,68,15,1.56,0,0,0
Belgrade,792680,1655272800,2022-06-15 07:00:00,18.54,50,14,1.81,0,0,0
Belgrade,792680,1655283600,2022-06-15 10:00:00,24.11,33,1,1.7,0,0,0
Belgrade,792680,1655294400,2022-06-15 13:00:00,27.34,26,2,1.18,0,0,0
Belgrade,792680,1655305200,2022-06-15 16:00:00,27.26,24,4,2.12,0,0,0
Belgrade,792680,1655316000,2022-06-15 19:00:00,22.22,38,5,1.23,0,0,0
Belgrade,792680,1655326800,2022-06-15 22:00:00,19.09,43,77,0.92,0,0,0
Belgrade,792680,1655337600,2022-06-16 01:00:00,17.04,51,84,0.32,0,0,0
Belgrade,792680,1655348400,2022-06-16 04:00:00,15.59,54,6,1.11,0,0,0
Belgrade,792680,1655359200,2022-06-16 07:00:00,21.48,43,18,1.56,0,0,0
Belgrade,792680,1655370000,2022-06-16 10:00:00,26.95,31,60,2.89,0,0,0
Belgrade,792680,1655380800,2022-06-16 13:00:00,29.39,24,75,2.49,0,0,0
Belgrade,792680,1655391600,2022-06-16 16:00:00,29.72,23,53,2.57,0,0,0
Belgrade,792680,1655402400,2022-06-16 19:00:00,24.29,36,54,2.28,0,0,0
Belgrade,792680,1655413200,2022-06-16 22:00:00,20.92,40,39,1.27,0,0,0
Belgrade,792680,1655424000,2022-06-17 01:00:00,19.32,46,69,1.62,0,0,0
Belgrade,792680,1655434800,2022-06-17 04:00:00,17.97,58,93,2.21,0.07,0,0
Belgrade,792680,1655445600,2022-06-17 07:00:00,18.47,82,97,2.8,0.39,0.5,0
Belgrade,792680,1655456400,2022-06-17 10:00:00,22.74,54,100,6.19,0.1,0,0
Belgrade,792680,1655467200,2022-06-17 13:00:00,24.93,41,100,5.72,0.04,0,0
Belgrade,792680,1655478000,2022-06-17 16:00:00,23.43,49,100,4.99,0.08,0,0
Belgrade,792680,1655488800,2022-06-17 19:00:00,21.72,54,85,2.56,0.15,0,0
Belgrade,792680,1655499600,2022-06-17 22:00:00,17.85,63,36,1.69,0.1,0,0
Belgrade,792680,1655510400,2022-06-18 01:00:00,16.73,67,53,1.17,0.06,0,0
Belgrade,792680,1655521200,2022-06-18 04:00:00,14.25,74,67,1.54,0,0,0
Belgrade,792680,1655532000,2022-06-18 07:00:00,19.0,56,48,3.03,0,0,0
Belgrade,792680,1655542800,2022-06-18 10:00:00,24.35,38,53,4.78,0,0,0
Belgrade,792680,1655553600,2022-06-18 13:00:00,27.3,29,40,5.03,0,0,0
Belgrade,792680,1655564400,2022-06-18 16:00:00,27.44,28,12,4.8,0,0,0
Belgrade,792680,1655575200,2022-06-18 19:00:00,22.87,40,8,2.37,0,0,0
Belgrade,792680,1655586000,2022-06-18 22:00:00,19.09,48,0,0.85,0,0,0
Belgrade,792680,1655596800,2022-06-19 01:00:00,16.31,61,0,1.03,0,0,0
Belgrade,792680,1655607600,2022-06-19 04:00:00,15.11,70,0,0.8,0,0,0
Belgrade,792680,1655618400,2022-06-19 07:00:00,21.3,50,0,1.64,0,0,0
Belgrade,792680,1655629200,2022-06-19 10:00:00,27.27,35,0,2.73,0,0,0
Belgrade,792680,1655640000,2022-06-19 13:00:00,30.05,29,0,3.7,0,0,0
Munich,2867714,1655218800,2022-06-14 16:00:00,22.94,47,73,2.88,0,0,0
Munich,2867714,1655229600,2022-06-14 19:00:00,21.33,55,62,2.25,0,0,0
Munich,2867714,1655240400,2022-06-14 22:00:00,16.47,71,50,2.56,0,0,0
Munich,2867714,1655251200,2022-06-15 01:00:00,12.1,84,55,2.4,0,0,0
Munich,2867714,1655262000,2022-06-15 04:00:00,10.62,88,63,1.86,0,0,0
Munich,2867714,1655272800,2022-06-15 07:00:00,15.64,73,66,1.61,0,0,0
Munich,2867714,1655283600,2022-06-15 10:00:00,22.41,56,13,1.53,0,0,0
Munich,2867714,1655294400,2022-06-15 13:00:00,25.84,46,7,1.8,0,0,0
Munich,2867714,1655305200,2022-06-15 16:00:00,25.93,48,4,2.32,0,0,0
Munich,2867714,1655316000,2022-06-15 19:00:00,21.9,75,4,1.49,0.12,0,0
Munich,2867714,1655326800,2022-06-15 22:00:00,17.39,87,2,1.47,0.24,0,0
Munich,2867714,1655337600,2022-06-16 01:00:00,15.68,89,2,1.96,0.24,0.12,0
Munich,2867714,1655348400,2022-06-16 04:00:00,14.61,91,19,2.24,0.23,0.13,0
Munich,2867714,1655359200,2022-06-16 07:00:00,17.45,91,45,3.31,0.58,0.93,0
Munich,2867714,1655370000,2022-06-16 10:00:00,23.04,67,17,4.97,0.82,0.59,0
Munich,2867714,1655380800,2022-06-16 13:00:00,23.62,64,26,5.28,0.8,1.17,0
Munich,2867714,1655391600,2022-06-16 16:00:00,21.95,66,22,5.1,0.86,1.5,0
Munich,2867714,1655402400,2022-06-16 19:00:00,18.42,84,34,2.46,0.89,1.21,0
Munich,2867714,1655413200,2022-06-16 22:00:00,15.4,88,100,0.96,0.31,0.1,0
Munich,2867714,1655424000,2022-06-17 01:00:00,13.84,92,90,0.84,0.23,0,0
Munich,2867714,1655434800,2022-06-17 04:00:00,12.74,92,92,0.62,0,0,0
Munich,2867714,1655445600,2022-06-17 07:00:00,15.86,85,96,0.63,0,0,0
Munich,2867714,1655456400,2022-06-17 10:00:00,21.03,60,94,1.56,0.15,0,0
Munich,2867714,1655467200,2022-06-17 13:00:00,23.59,48,97,2.76,0.02,0,0
Munich,2867714,1655478000,2022-06-17 16:00:00,23.55,46,96,2.52,0,0,0
Munich,2867714,1655488800,2022-06-17 19:00:00,20.5,67,95,0.38,0,0,0
Munich,2867714,1655499600,2022-06-17 22:00:00,17.09,73,85,1.59,0,0,0
Munich,2867714,1655510400,2022-06-18 01:00:00,15.05,82,82,1.99,0,0,0
Munich,2867714,1655521200,2022-06-18 04:00:00,14.24,83,93,2.23,0,0,0
Munich,2867714,1655532000,2022-06-18 07:00:00,19.45,66,82,1.7,0,0,0
Munich,2867714,1655542800,2022-06-18 10:00:00,26.64,44,5,1.04,0,0,0
Munich,2867714,1655553600,2022-06-18 13:00:00,29.99,34,2,1.71,0,0,0
Munich,2867714,1655564400,2022-06-18 16:00:00,30.16,36,0,1.69,0,0,0
Munich,2867714,1655575200,2022-06-18 19:00:00,24.51,69,0,2.33,0,0,0
Munich,2867714,1655586000,2022-06-18 22:00:00,19.97,79,0,2.47,0,0,0
Munich,2867714,1655596800,2022-06-19 01:00:00,18.2,77,1,2.69,0,0,0
Munich,2867714,1655607600,2022-06-19 04:00:00,16.84,76,0,2.39,0,0,0
Munich,2867714,1655618400,2022-06-19 07:00:00,21.39,62,0,1.9,0,0,0
Munich,2867714,1655629200,2022-06-19 10:00:00,29.07,44,0,1.61,0,0,0
Munich,2867714,1655640000,2022-06-19 13:00:00,32.7,36,0,2.16,0,0,0
Rome,3169070,1655218800,2022-06-14 16:00:00,30.6,73,0,1.89,0,0,0
Rome,3169070,1655229600,2022-06-14 19:00:00,32.58,62,2,2.13,0.05,0,0
Rome,3169070,1655240400,2022-06-14 22:00:00,34.95,49,10,3.93,0,0,0
Rome,3169070,1655251200,2022-06-15 01:00:00,31.09,61,31,2.62,0.01,0,0
Rome,3169070,1655262000,2022-06-15 04:00:00,23.15,93,46,6.65,0.77,3.85,0
Rome,3169070,1655272800,2022-06-15 07:00:00,21.37,96,73,0.56,1,9.03,0
Rome,3169070,1655283600,2022-06-15 10:00:00,20.44,98,100,1.78,0,0,0
Rome,3169070,1655294400,2022-06-15 13:00:00,21.94,93,88,0.78,0.28,0.66,0
Rome,3169070,1655305200,2022-06-15 16:00:00,30.07,59,82,1.62,0,0,0
Rome,3169070,1655316000,2022-06-15 19:00:00,36.16,39,44,1.99,0,0,0
Rome,3169070,1655326800,2022-06-15 22:00:00,37.7,33,7,1.17,0,0,0
Rome,3169070,1655337600,2022-06-16 01:00:00,29.87,67,8,4.21,0.34,0.29,0
Rome,3169070,1655348400,2022-06-16 04:00:00,21.43,93,100,0.5,0.97,2.83,0
Rome,3169070,1655359200,2022-06-16 07:00:00,21.28,94,100,0.81,1,1.06,0
Rome,3169070,1655370000,2022-06-16 10:00:00,20.77,95,100,1.03,0.24,0.27,0
Rome,3169070,1655380800,2022-06-16 13:00:00,22.22,93,100,1.5,0,0,0
Rome,3169070,1655391600,2022-06-16 16:00:00,28.86,65,80,1.25,0.1,0,0
Rome,3169070,1655402400,2022-06-16 19:00:00,33.27,49,79,1.7,0.1,0,0
Rome,3169070,1655413200,2022-06-16 22:00:00,35.44,42,35,0.93,0,0,0
Rome,3169070,1655424000,2022-06-17 01:00:00,30.89,62,31,1.26,0,0,0
Rome,3169070,1655434800,2022-06-17 04:00:00,25.82,73,5,0.65,0.19,0,0
Rome,3169070,1655445600,2022-06-17 07:00:00,24.31,81,10,0.36,0.37,0.2,0
Rome,3169070,1655456400,2022-06-17 10:00:00,23.07,87,22,0.71,0.08,0,0
Rome,3169070,1655467200,2022-06-17 13:00:00,24.93,83,19,0.4,0.17,0,0
Rome,3169070,1655478000,2022-06-17 16:00:00,32.35,55,35,1.33,0,0,0
Rome,3169070,1655488800,2022-06-17 19:00:00,36.54,37,22,2.25,0,0,0
Rome,3169070,1655499600,2022-06-17 22:00:00,36.86,35,63,3.65,0,0,0
Rome,3169070,1655510400,2022-06-18 01:00:00,31.27,59,65,2.86,0,0,0
Rome,3169070,1655521200,2022-06-18 04:00:00,26.18,73,3,1.22,0.02,0,0
Rome,3169070,1655532000,2022-06-18 07:00:00,24.34,84,24,1.1,0.33,0.24,0
Rome,3169070,1655542800,2022-06-18 10:00:00,23.33,91,26,1.31,0.28,0,0
Rome,3169070,1655553600,2022-06-18 13:00:00,24.53,89,50,2.85,0.2,0,0
Rome,3169070,1655564400,2022-06-18 16:00:00,29.03,56,93,4.74,0,0,0
Rome,3169070,1655575200,2022-06-18 19:00:00,32.84,29,82,5.01,0,0,0
Rome,3169070,1655586000,2022-06-18 22:00:00,32.48,25,0,5.38,0,0,0
Rome,3169070,1655596800,2022-06-19 01:00:00,26.4,47,0,3.24,0,0,0
Rome,3169070,1655607600,2022-06-19 04:00:00,23.55,53,0,4.81,0,0,0
Rome,3169070,1655618400,2022-06-19 07:00:00,19.54,70,0,2.48,0,0,0
Rome,3169070,1655629200,2022-06-19 10:00:00,17.45,77,1,2.38,0,0,0
Rome,3169070,1655640000,2022-06-19 13:00:00,19.18,71,3,2.85,0,0,0
Porto,2735943,1655218800,2022-06-14 15:00:00,22.73,77,75,3.36,0,0,0
Porto,2735943,1655229600,2022-06-14 18:00:00,22.56,73,74,2.15,0,0,0
Porto,2735943,1655240400,2022-06-14 21:00:00,20.41,78,48,0.86,0,0,0
Porto,2735943,1655251200,2022-06-15 00:00:00,19.31,75,17,1.73,0,0,0
Porto,2735943,1655262000,2022-06-15 03:00:00,19.05,71,0,1.54,0,0,0
Porto,2735943,1655272800,2022-06-15 06:00:00,19.03,69,8,1.43,0,0,0
Porto,2735943,1655283600,2022-06-15 09:00:00,25.05,50,93,2.38,0.11,0,0
Porto,2735943,1655294400,2022-06-15 12:00:00,23.66,65,96,7.4,0.27,0,0
Porto,2735943,1655305200,2022-06-15 15:00:00,22.75,68,100,1.91,0.92,1.52,0
Porto,2735943,1655316000,2022-06-15 18:00:00,23.27,69,100,2.41,0.84,0.41,0
Porto,2735943,1655326800,2022-06-15 21:00:00,21.74,76,100,2.33,0.58,0.49,0
Porto,2735943,1655337600,2022-06-16 00:00:00,19.03,89,88,6.34,0.3,0,0
Porto,2735943,1655348400,2022-06-16 03:00:00,18.41,89,74,2.0,0,0,0
Porto,2735943,1655359200,2022-06-16 06:00:00,18.08,90,77,1.82,0,0,0
Porto,2735943,1655370000,2022-06-16 09:00:00,20.81,76,81,2.24,0,0,0
Porto,2735943,1655380800,2022-06-16 12:00:00,22.88,67,74,3.66,0,0,0
Porto,2735943,1655391600,2022-06-16 15:00:00,22.55,64,97,3.55,0.06,0,0
Porto,2735943,1655402400,2022-06-16 18:00:00,21.73,60,82,2.8,0.11,0,0
Porto,2735943,1655413200,2022-06-16 21:00:00,19.24,72,40,2.62,0.25,0.11,0
Porto,2735943,1655424000,2022-06-17 00:00:00,18.3,82,38,1.12,0.46,0.39,0
Porto,2735943,1655434800,2022-06-17 03:00:00,17.67,86,26,1.54,0.17,0,0
Porto,2735943,1655445600,2022-06-17 06:00:00,17.39,87,18,0.76,0.09,0,0
Porto,2735943,1655456400,2022-06-17 09:00:00,21.02,70,22,1.67,0,0,0
Porto,2735943,1655467200,2022-06-17 12:00:00,22.94,61,39,4.1,0,0,0
Porto,2735943,1655478000,2022-06-17 15:00:00,22.28,61,91,3.52,0,0,0
Porto,2735943,1655488800,2022-06-17 18:00:00,21.13,62,95,2.77,0,0,0
Porto,2735943,1655499600,2022-06-17 21:00:00,18.65,73,9,2.04,0,0,0
Porto,2735943,1655510400,2022-06-18 00:00:00,17.79,79,38,1.46,0.03,0,0
Porto,2735943,1655521200,2022-06-18 03:00:00,17.05,85,55,0.65,0.01,0,0
Porto,2735943,1655532000,2022-06-18 06:00:00,16.91,85,48,1.76,0,0,0
Porto,2735943,1655542800,2022-06-18 09:00:00,19.52,71,1,3.47,0,0,0
Porto,2735943,1655553600,2022-06-18 12:00:00,20.9,65,2,5.13,0,0,0
Porto,2735943,1655564400,2022-06-18 15:00:00,20.73,66,46,5.31,0,0,0
Porto,2735943,1655575200,2022-06-18 18:00:00,19.13,73,29,4.82,0,0,0
Porto,2735943,1655586000,2022-06-18 21:00:00,17.2,86,37,3.96,0.1,0,0
Porto,2735943,1655596800,2022-06-19 00:00:00,16.36,91,23,4.2,0.36,0.29,0
Porto,2735943,1655607600,2022-06-19 03:00:00,16.07,91,67,4.16,0.5,0.28,0
Porto,2735943,1655618400,2022-06-19 06:00:00,16.5,89,83,5.09,0.49,0.13,0
Porto,2735943,1655629200,2022-06-19 09:00:00,18.06,84,98,5.25,0.49,0.29,0
Porto,2735943,1655640000,2022-06-19 12:00:00,19.27,76,99,4.32,0.38,0.22,0
